name,id
CFD-WM-258-125-N.jpg,1Fx55bclbrFCNR4YzI4PAduV1nuDgN85h
CFD-WM-041-021-N.jpg,1BZNoLLVT1JawKZRTmeoaUTreobPVfiGc
CFD-WM-037-025-N.jpg,1T5CqMamkSkRK69-zqLLoFZ4di1ssLTk-
CFD-WM-252-224-N.jpg,1J7QnwS9uCKdau_UQteUt6HR_qLfbLi_t
CFD-WM-025-002-N.jpg,1t9iyvHxpcKNTOBTK091YZT7MGxPEUf5r
CFD-WM-205-007-N.jpg,1bND5V4dPZ8DkTDPCVwtbgaR2WUTXBouu
CFD-WM-024-015-N.jpg,1TrqWbaYGhGac83-O-DHEKIFUJP2MtAst
CFD-WM-019-003-N.jpg,1ymIqB_dEuXjJ1pezsLzcCdOEn3L7en45
CFD-WM-255-219-N.jpg,1eYA_PINcwGMSzm-ZjBO0XxSrmQ8zEzhs
CFD-WM-004-010-N.jpg,13ydKQJehifDEa84_fso_onWIG670cCFO
CFD-WM-202-107-N.jpg,1wZuNCwAcU4-6HtP7GzPlSy4OSQqUIph7
CFD-WM-006-002-N.jpg,1LezGR3AjPDmlLp1wq3cWPDWrlR5BTSDH
CFD-WM-036-031-N.jpg,1LpEAKVm1vSZyMnXW8O7FIHm8fCflUfJL
CFD-WM-217-070-N.jpg,1G_D_wRxQD6SUMUwxvApkRd3PBo5CKjrq
CFD-WM-233-106-N.jpg,1gHhUz4XgdjN-Kjg4MMq9CDYqnne97hQb
CFD-WM-211-054-N.jpg,1YvG_PnM13X25glMHgJHfYSp1U8u-y6KR
CFD-WM-253-119-N.jpg,1SrpiqTeqGt5HVktSLU1JyPkcb7cVV0-h
CFD-WM-038-003-N.jpg,1RnjRC6XeW53jZipqzaas-RP216_v_jpU
CFD-WM-031-003-N.jpg,1kEcY0qoXg21ieiSFcXaGKscEs6pTPOHP
CFD-WM-028-003-N.jpg,14HsmXlAOlBaQPXDzaLGfv-CKJRdBp-dT
CFD-WM-218-074-N.jpg,1btEwStIeaLlDGvYQu6loQ9JigFaO2qMI
CFD-WM-206-045-N.jpg,1VY9EeQN6Gqv7Tw4zhwstJ-wqUXK4r1xX
CFD-WM-040-022-N.jpg,1sKReTKmN4xtf0NDtppBjfISPfA6U2gHi
CFD-WM-035-032-N.jpg,10PJTxWkpOjAP-0cfQ4oOD99QXV3wEdwT
CFD-WM-221-091-N.jpg,1wy27v3Uw93wtELjXG0wBdAKmEik0Ir95
CFD-WM-010-001-N.jpg,15JImz_gl-UCf0K8L-VGuRcwIoJtb5f7X
CFD-WM-015-002-N.jpg,1h03KZfqQAZy8CumlOONSLO6jR691DMh2
CFD-WM-018-002-N.jpg,1jsaBy4sql62lURZtq2cbj8HItUzoE9rT
CFD-WM-239-128-N.jpg,1_y39zn6IkgyNDf86ctePAnRbMixbNjno
CFD-WM-219-008-N.jpg,1YmeC7gAUw6350eI80VDgjgoAmY0kWjwI
CFD-WM-225-127-N.jpg,1--FFjd-MWx-n_u5TRSDLOAmZqhQnh5qD
CFD-WM-034-030-N.jpg,16LLTafEy03Z_FBzPqWdljdDI7AmvN1nL
CFD-WM-244-003-N.jpg,1NsvckcNC6NFGkLqy2Iyol6OFzbmh2DEv
